{
  "feed_pictures": [
    {
      "image": "img/sample_images/1.jpeg"
    },
    {
      "image": "img/sample_images/2.jpeg"
    },
    {
      "image": "img/sample_images/3.jpeg"
    },
    {
      "image": "img/sample_images/4.jpeg"
    },
    {
      "image": "img/sample_images/5.jpeg"
    },
    {
      "image": "img/sample_images/6.jpeg"
    },
    {
      "image": "img/sample_images/7.jpeg"
    },
    {
      "image": "img/sample_images/8.jpeg"
    },
    {
      "image": "img/sample_images/9.jpeg"
    },
    {
      "image": "img/sample_images/10.jpeg"
    }
  ],
  "users_profile_pictures": [
    {
      "image": "img/sample_images/people/1.jpeg"
    },
    {
      "image": "img/sample_images/people/2.jpeg"
    },
    {
      "image": "img/sample_images/people/3.jpeg"
    },
    {
      "image": "img/sample_images/people/4.jpeg"
    },
    {
      "image": "img/sample_images/people/5.jpeg"
    },
    {
      "image": "img/sample_images/people/6.jpeg"
    }
  ],
  "users_connections": [
    "Facebook friend",
    "Instagram follower",
    "Work together"
  ],
  "users": [
    {
      "id": 0,
      "name": {
        "first": "Alex",
        "last": "Snyder"
      },
      "username": "aSnyder",
      "picture": "img/sample_images/people/1.jpg",
      "about": "Velit esse deserunt eu proident sint occaecat est mollit et eu tempor.",
      "email": "alex.snyder@gmail.com",
      "website": "http://www.google.com"
    },
    {
      "id": 1,
      "name": {
        "first": "Blain",
        "last": "Willis"
      },
      "username": "bWillis",
      "picture": "img/sample_images/people/2.jpg",
      "about": "Fugiat voluptate ipsum laborum dolore consectetur sint mollit veniam minim do officia qui aliqua.",
      "email": "blain.willis@gmail.com",
      "website": "http://www.google.com"
    },
    {
      "id": 2,
      "name": {
        "first": "Garrett",
        "last": "Bentley"
      },
      "username": "gBentley",
      "picture": "img/sample_images/people/3.jpg",
      "about": "Do aliqua nisi eiusmod minim aute consectetur.",
      "email": "garrett.bentley@gmail.com",
      "website": "http://www.google.com"
    },
    {
      "id": 3,
      "name": {
        "first": "Geri",
        "last": "Mcfarland"
      },
      "username": "gMcfarland",
      "picture": "img/sample_images/people/4.jpg",
      "about": "Aute nisi minim sunt minim voluptate consectetur occaecat anim et.",
      "email": "geri.mcfarland@gmail.com",
      "website": "http://www.google.com"
    },
    {
      "id": 4,
      "name": {
        "first": "Kerry",
        "last": "Rasmussen"
      },
      "username": "kRasmussen",
      "picture": "img/sample_images/people/5.jpg",
      "about": "Do esse culpa occaecat reprehenderit irure mollit.",
      "email": "kerry.rasmussen@gmail.com",
      "website": "http://www.google.com"
    },
    {
      "id": 5,
      "name": {
        "first": "Sarah",
        "last": "Frederick"
      },
      "username": "sFrederick",
      "picture": "img/sample_images/people/6.jpg",
      "about": "Adipisicing eu deserunt consequat non officia anim ut cupidatat.",
      "email": "sarah.frederick@gmail.com",
      "website": "http://www.google.com"
    }
  ],
  "following": [
    {
      "userId": 2,
      "followsId": 0
    },
    {
      "userId": 5,
      "followsId": 2
    },
    {
      "userId": 4,
      "followsId": 5
    },
    {
      "userId": 1,
      "followsId": 0
    },
    {
      "userId": 5,
      "followsId": 4
    },
    {
      "userId": 5,
      "followsId": 2
    },
    {
      "userId": 4,
      "followsId": 0
    },
    {
      "userId": 1,
      "followsId": 5
    },
    {
      "userId": 5,
      "followsId": 3
    },
    {
      "userId": 5,
      "followsId": 3
    },
    {
      "userId": 3,
      "followsId": 2
    },
    {
      "userId": 3,
      "followsId": 1
    },
    {
      "userId": 2,
      "followsId": 0
    },
    {
      "userId": 0,
      "followsId": 5
    },
    {
      "userId": 5,
      "followsId": 3
    },
    {
      "userId": 2,
      "followsId": 4
    },
    {
      "userId": 1,
      "followsId": 0
    },
    {
      "userId": 2,
      "followsId": 0
    },
    {
      "userId": 4,
      "followsId": 5
    },
    {
      "userId": 1,
      "followsId": 0
    },
    {
      "userId": 4,
      "followsId": 5
    },
    {
      "userId": 5,
      "followsId": 1
    },
    {
      "userId": 4,
      "followsId": 0
    },
    {
      "userId": 2,
      "followsId": 5
    },
    {
      "userId": 4,
      "followsId": 1
    },
    {
      "userId": 2,
      "followsId": 0
    },
    {
      "userId": 3,
      "followsId": 2
    },
    {
      "userId": 4,
      "followsId": 3
    },
    {
      "userId": 0,
      "followsId": 1
    },
    {
      "userId": 5,
      "followsId": 0
    },
    {
      "userId": 5,
      "followsId": 3
    },
    {
      "userId": 3,
      "followsId": 4
    },
    {
      "userId": 5,
      "followsId": 4
    }
  ],
  "users_pictures": [
    {
      "userId": 3,
      "picture": "img/sample_images/users-pictures/1.jpg"
    },
    {
      "userId": 1,
      "picture": "img/sample_images/users-pictures/2.jpg"
    },
    {
      "userId": 2,
      "picture": "img/sample_images/users-pictures/3.jpg"
    },
    {
      "userId": 0,
      "picture": "img/sample_images/users-pictures/4.jpg"
    },
    {
      "userId": 1,
      "picture": "img/sample_images/users-pictures/5.jpg"
    },
    {
      "userId": 4,
      "picture": "img/sample_images/users-pictures/6.jpg"
    },
    {
      "userId": 0,
      "picture": "img/sample_images/users-pictures/7.jpg"
    },
    {
      "userId": 1,
      "picture": "img/sample_images/users-pictures/8.jpg"
    },
    {
      "userId": 1,
      "picture": "img/sample_images/users-pictures/9.jpg"
    },
    {
      "userId": 1,
      "picture": "img/sample_images/users-pictures/10.jpg"
    },
    {
      "userId": 3,
      "picture": "img/sample_images/users-pictures/11.jpg"
    },
    {
      "userId": 3,
      "picture": "img/sample_images/users-pictures/12.jpg"
    },
    {
      "userId": 4,
      "picture": "img/sample_images/users-pictures/13.jpg"
    },
    {
      "userId": 0,
      "picture": "img/sample_images/users-pictures/14.jpg"
    },
    {
      "userId": 4,
      "picture": "img/sample_images/users-pictures/15.jpg"
    },
    {
      "userId": 3,
      "picture": "img/sample_images/users-pictures/16.jpg"
    },
    {
      "userId": 0,
      "picture": "img/sample_images/users-pictures/17.jpg"
    },
    {
      "userId": 1,
      "picture": "img/sample_images/users-pictures/18.jpg"
    },
    {
      "userId": 4,
      "picture": "img/sample_images/users-pictures/19.jpg"
    },
    {
      "userId": 5,
      "picture": "img/sample_images/users-pictures/20.jpg"
    },
    {
      "userId": 4,
      "picture": "img/sample_images/users-pictures/21.jpg"
    },
    {
      "userId": 1,
      "picture": "img/sample_images/users-pictures/22.jpg"
    },
    {
      "userId": 0,
      "picture": "img/sample_images/users-pictures/23.jpg"
    },
    {
      "userId": 5,
      "picture": "img/sample_images/users-pictures/24.jpg"
    },
    {
      "userId": 1,
      "picture": "img/sample_images/users-pictures/25.jpg"
    },
    {
      "userId": 1,
      "picture": "img/sample_images/users-pictures/26.jpg"
    },
    {
      "userId": 0,
      "picture": "img/sample_images/users-pictures/27.jpg"
    },
    {
      "userId": 2,
      "picture": "img/sample_images/users-pictures/28.jpg"
    },
    {
      "userId": 4,
      "picture": "img/sample_images/users-pictures/29.jpg"
    },
    {
      "userId": 1,
      "picture": "img/sample_images/users-pictures/30.jpg"
    },
    {
      "userId": 2,
      "picture": "img/sample_images/users-pictures/31.jpg"
    },
    {
      "userId": 0,
      "picture": "img/sample_images/users-pictures/32.jpg"
    }
  ],
  "people_suggestions": [
    {
      "userId": 1,
      "connection": "Instagram follower"
    },
    {
      "userId": 2,
      "connection": "Instagram follower"
    },
    {
      "userId": 3,
      "connection": "Facebook friend"
    }
  ],
  "people_you_may_know": [
    {
      "userId": 4,
      "mutual_friends": 16
    },
    {
      "userId": 5,
      "mutual_friends": 3
    },
    {
      "userId": 2,
      "mutual_friends": 3
    }
  ],
  "possible_trends": [
    "movies",
    "australian open",
    "social action",
    "cute",
    "arts"
  ],
  "possible_categories": [
    "highlights",
    "news",
    "business",
    "sports",
    "fashion",
    "world",
    "entertainment",
    "politics",
    "technology"
  ],
  "trends": [
    {
      "id": 0,
      "name": "Oscars",
      "slug": "oscars",
      "image": "img/sample_images/trends/oscars.jpg"
    },
    {
      "id": 1,
      "name": "US Open",
      "slug": "us-open",
      "image": "img/sample_images/trends/us-open.jpg"
    }
  ],
  "categories": [
    {
      "id": 0,
      "name": "politics",
      "slug": "politics",
      "image": "img/sample_images/categories/politics.jpg"
    },
    {
      "id": 1,
      "name": "technology",
      "slug": "technology",
      "image": "img/sample_images/categories/technology.jpg"
    },
    {
      "id": 2,
      "name": "sports",
      "slug": "sports",
      "image": "img/sample_images/categories/sports.jpg"
    },
    {
      "id": 3,
      "name": "entertainment",
      "slug": "entertainment",
      "image": "img/sample_images/categories/entertainment.jpg"
    },
    {
      "id": 4,
      "name": "world",
      "slug": "world",
      "image": "img/sample_images/categories/world.jpg"
    },
    {
      "id": 5,
      "name": "business",
      "slug": "business",
      "image": "img/sample_images/categories/business.jpg"
    },
    {
      "id": 6,
      "name": "fashion",
      "slug": "fashion",
      "image": "img/sample_images/categories/fashion.jpg"
    },
    {
      "id": 7,
      "name": "art",
      "slug": "art",
      "image": "img/sample_images/categories/art.jpg"
    },
    {
      "id": 8,
      "name": "news",
      "slug": "news",
      "image": "img/sample_images/categories/news.jpg"
    },
    {
      "id": 9,
      "name": "highlights",
      "slug": "highlights",
      "image": "img/sample_images/categories/highlights.jpg"
    }
  ],
  "posts": [
    {
      "id": 0,
      "userId": 5,
      "title": "The Beauty Of Nature Captured In 32 Famous Designer Dresses",
      "picture": "img/sample_images/posts/fashion/1.jpg",
      "shares": 48,
      "comments": 42,
      "likes": 24,
      "liked": true,
      "trend": {
        "id": 0,
        "name": "Oscars",
        "slug": "oscars",
        "image": "img/sample_images/trends/oscars.jpg"
      },
      "category": {
        "id": 6,
        "name": "fashion",
        "slug": "fashion",
        "image": "img/sample_images/categories/fashion.jpg"
      },
      "date": 1451710540992,
      "description": "Lorem Ipsum is simply dummy text of the printing and typesetting industry. Lorem Ipsum has been the industry's standard dummy text ever since the 1500s, when an unknown printer took a galley of type and scrambled it to make a type specimen book. It has survived not only five centuries, but also the leap into electronic typesetting, remaining essentially unchanged."
    },
    {
      "id": 1,
      "userId": 4,
      "title": "Use fallen leaves to create stunning paintings",
      "picture": "img/sample_images/posts/art/1.jpg",
      "shares": 14,
      "comments": 42,
      "likes": 12,
      "liked": false,
      "trend": {
        "id": 0,
        "name": "Oscars",
        "slug": "oscars",
        "image": "img/sample_images/trends/oscars.jpg"
      },
      "category": {
        "id": 7,
        "name": "art",
        "slug": "art",
        "image": "img/sample_images/categories/art.jpg"
      },
      "date": 1453265213217,
      "description": "Lorem Ipsum is simply dummy text of the printing and typesetting industry. Lorem Ipsum has been the industry's standard dummy text ever since the 1500s, when an unknown printer took a galley of type and scrambled it to make a type specimen book. It has survived not only five centuries, but also the leap into electronic typesetting, remaining essentially unchanged."
    },
    {
      "id": 2,
      "userId": 0,
      "title": "11 Probiotic Foods to Help Aid in Digestion",
      "picture": "img/sample_images/posts/news/1.jpg",
      "shares": 41,
      "comments": 28,
      "likes": 61,
      "liked": true,
      "trend": {
        "id": 1,
        "name": "US Open",
        "slug": "us-open",
        "image": "img/sample_images/trends/us-open.jpg"
      },
      "category": {
        "id": 8,
        "name": "news",
        "slug": "news",
        "image": "img/sample_images/categories/news.jpg"
      },
      "date": 1452733349392,
      "description": "Lorem Ipsum is simply dummy text of the printing and typesetting industry. Lorem Ipsum has been the industry's standard dummy text ever since the 1500s, when an unknown printer took a galley of type and scrambled it to make a type specimen book. It has survived not only five centuries, but also the leap into electronic typesetting, remaining essentially unchanged."
    },
    {
      "id": 3,
      "userId": 3,
      "title": "Stocks Climb With Emerging Markets as China Calms Global Unease",
      "picture": "img/sample_images/posts/business/2.jpg",
      "shares": 6,
      "comments": 12,
      "likes": 4,
      "liked": true,
      "trend": {
        "id": 1,
        "name": "US Open",
        "slug": "us-open",
        "image": "img/sample_images/trends/us-open.jpg"
      },
      "category": {
        "id": 5,
        "name": "business",
        "slug": "business",
        "image": "img/sample_images/categories/business.jpg"
      },
      "date": 1452019949870,
      "description": "Lorem Ipsum is simply dummy text of the printing and typesetting industry. Lorem Ipsum has been the industry's standard dummy text ever since the 1500s, when an unknown printer took a galley of type and scrambled it to make a type specimen book. It has survived not only five centuries, but also the leap into electronic typesetting, remaining essentially unchanged."
    },
    {
      "id": 4,
      "userId": 0,
      "title": "How To Make a Cheese Platter For Entertaining",
      "picture": "img/sample_images/posts/entertainment/4.jpg",
      "shares": 29,
      "comments": 41,
      "likes": 62,
      "liked": true,
      "trend": {
        "id": 0,
        "name": "Oscars",
        "slug": "oscars",
        "image": "img/sample_images/trends/oscars.jpg"
      },
      "category": {
        "id": 3,
        "name": "entertainment",
        "slug": "entertainment",
        "image": "img/sample_images/categories/entertainment.jpg"
      },
      "date": 1452785381678,
      "description": "Lorem Ipsum is simply dummy text of the printing and typesetting industry. Lorem Ipsum has been the industry's standard dummy text ever since the 1500s, when an unknown printer took a galley of type and scrambled it to make a type specimen book. It has survived not only five centuries, but also the leap into electronic typesetting, remaining essentially unchanged."
    },
    {
      "id": 5,
      "userId": 2,
      "title": "All The Red Carpet Looks From The 2016 Academy Awards",
      "picture": "img/sample_images/posts/entertainment/3.jpg",
      "shares": 7,
      "comments": 6,
      "likes": 52,
      "liked": true,
      "trend": {
        "id": 0,
        "name": "Oscars",
        "slug": "oscars",
        "image": "img/sample_images/trends/oscars.jpg"
      },
      "category": {
        "id": 3,
        "name": "entertainment",
        "slug": "entertainment",
        "image": "img/sample_images/categories/entertainment.jpg"
      },
      "date": 1453076661524,
      "description": "Lorem Ipsum is simply dummy text of the printing and typesetting industry. Lorem Ipsum has been the industry's standard dummy text ever since the 1500s, when an unknown printer took a galley of type and scrambled it to make a type specimen book. It has survived not only five centuries, but also the leap into electronic typesetting, remaining essentially unchanged."
    },
    {
      "id": 6,
      "userId": 4,
      "title": "The 55 Best Oscars Beauty Looks of the Past Decade",
      "picture": "img/sample_images/posts/fashion/3.jpg",
      "shares": 47,
      "comments": 5,
      "likes": 44,
      "liked": false,
      "trend": {
        "id": 0,
        "name": "Oscars",
        "slug": "oscars",
        "image": "img/sample_images/trends/oscars.jpg"
      },
      "category": {
        "id": 6,
        "name": "fashion",
        "slug": "fashion",
        "image": "img/sample_images/categories/fashion.jpg"
      },
      "date": 1452149606786,
      "description": "Lorem Ipsum is simply dummy text of the printing and typesetting industry. Lorem Ipsum has been the industry's standard dummy text ever since the 1500s, when an unknown printer took a galley of type and scrambled it to make a type specimen book. It has survived not only five centuries, but also the leap into electronic typesetting, remaining essentially unchanged."
    },
    {
      "id": 7,
      "userId": 2,
      "title": "Places Where You Can Get a Job and Afford a House",
      "picture": "img/sample_images/posts/business/1.jpg",
      "shares": 10,
      "comments": 2,
      "likes": 72,
      "liked": false,
      "trend": {
        "id": 0,
        "name": "Oscars",
        "slug": "oscars",
        "image": "img/sample_images/trends/oscars.jpg"
      },
      "category": {
        "id": 5,
        "name": "business",
        "slug": "business",
        "image": "img/sample_images/categories/business.jpg"
      },
      "date": 1452234467749,
      "description": "Lorem Ipsum is simply dummy text of the printing and typesetting industry. Lorem Ipsum has been the industry's standard dummy text ever since the 1500s, when an unknown printer took a galley of type and scrambled it to make a type specimen book. It has survived not only five centuries, but also the leap into electronic typesetting, remaining essentially unchanged."
    },
    {
      "id": 8,
      "userId": 4,
      "title": "17 Phenomenal Pictures Of Space That Will Fill You With Awe",
      "picture": "img/sample_images/posts/world/2.jpg",
      "shares": 3,
      "comments": 7,
      "likes": 11,
      "liked": false,
      "trend": {
        "id": 0,
        "name": "Oscars",
        "slug": "oscars",
        "image": "img/sample_images/trends/oscars.jpg"
      },
      "category": {
        "id": 4,
        "name": "world",
        "slug": "world",
        "image": "img/sample_images/categories/world.jpg"
      },
      "date": 1452398916909,
      "description": "Lorem Ipsum is simply dummy text of the printing and typesetting industry. Lorem Ipsum has been the industry's standard dummy text ever since the 1500s, when an unknown printer took a galley of type and scrambled it to make a type specimen book. It has survived not only five centuries, but also the leap into electronic typesetting, remaining essentially unchanged."
    },
    {
      "id": 9,
      "userId": 3,
      "title": "This Guy DEFINES Amazing",
      "picture": "img/sample_images/posts/entertainment/2.jpg",
      "shares": 19,
      "comments": 18,
      "likes": 7,
      "liked": false,
      "trend": {
        "id": 0,
        "name": "Oscars",
        "slug": "oscars",
        "image": "img/sample_images/trends/oscars.jpg"
      },
      "category": {
        "id": 3,
        "name": "entertainment",
        "slug": "entertainment",
        "image": "img/sample_images/categories/entertainment.jpg"
      },
      "date": 1451624958606,
      "description": "Lorem Ipsum is simply dummy text of the printing and typesetting industry. Lorem Ipsum has been the industry's standard dummy text ever since the 1500s, when an unknown printer took a galley of type and scrambled it to make a type specimen book. It has survived not only five centuries, but also the leap into electronic typesetting, remaining essentially unchanged."
    },
    {
      "id": 10,
      "userId": 2,
      "title": "Holi Smart Mood Lamp",
      "picture": "img/sample_images/posts/technology/3.jpg",
      "shares": 35,
      "comments": 45,
      "likes": 28,
      "liked": true,
      "trend": {
        "id": 0,
        "name": "Oscars",
        "slug": "oscars",
        "image": "img/sample_images/trends/oscars.jpg"
      },
      "category": {
        "id": 1,
        "name": "technology",
        "slug": "technology",
        "image": "img/sample_images/categories/technology.jpg"
      },
      "date": 1452722454898,
      "description": "Lorem Ipsum is simply dummy text of the printing and typesetting industry. Lorem Ipsum has been the industry's standard dummy text ever since the 1500s, when an unknown printer took a galley of type and scrambled it to make a type specimen book. It has survived not only five centuries, but also the leap into electronic typesetting, remaining essentially unchanged."
    },
    {
      "id": 11,
      "userId": 0,
      "title": "It Sure Looks Like Odell Beckham Jr. Made That Catch With Three Fingers",
      "picture": "img/sample_images/posts/sports/1.jpg",
      "shares": 10,
      "comments": 29,
      "likes": 45,
      "liked": true,
      "trend": {
        "id": 1,
        "name": "US Open",
        "slug": "us-open",
        "image": "img/sample_images/trends/us-open.jpg"
      },
      "category": {
        "id": 2,
        "name": "sports",
        "slug": "sports",
        "image": "img/sample_images/categories/sports.jpg"
      },
      "date": 1452947336538,
      "description": "Lorem Ipsum is simply dummy text of the printing and typesetting industry. Lorem Ipsum has been the industry's standard dummy text ever since the 1500s, when an unknown printer took a galley of type and scrambled it to make a type specimen book. It has survived not only five centuries, but also the leap into electronic typesetting, remaining essentially unchanged."
    },
    {
      "id": 12,
      "userId": 4,
      "title": "These Tiny Batteries Are the Most Portable Phone Chargers Yet",
      "picture": "img/sample_images/posts/technology/2.jpg",
      "shares": 24,
      "comments": 4,
      "likes": 65,
      "liked": true,
      "trend": {
        "id": 0,
        "name": "Oscars",
        "slug": "oscars",
        "image": "img/sample_images/trends/oscars.jpg"
      },
      "category": {
        "id": 1,
        "name": "technology",
        "slug": "technology",
        "image": "img/sample_images/categories/technology.jpg"
      },
      "date": 1451606689448,
      "description": "Lorem Ipsum is simply dummy text of the printing and typesetting industry. Lorem Ipsum has been the industry's standard dummy text ever since the 1500s, when an unknown printer took a galley of type and scrambled it to make a type specimen book. It has survived not only five centuries, but also the leap into electronic typesetting, remaining essentially unchanged."
    },
    {
      "id": 13,
      "userId": 1,
      "title": "Serena Williams wins her sixth US Open",
      "picture": "img/sample_images/posts/sports/2.jpg",
      "shares": 3,
      "comments": 44,
      "likes": 36,
      "liked": false,
      "trend": {
        "id": 1,
        "name": "US Open",
        "slug": "us-open",
        "image": "img/sample_images/trends/us-open.jpg"
      },
      "category": {
        "id": 2,
        "name": "sports",
        "slug": "sports",
        "image": "img/sample_images/categories/sports.jpg"
      },
      "date": 1452554444004,
      "description": "Lorem Ipsum is simply dummy text of the printing and typesetting industry. Lorem Ipsum has been the industry's standard dummy text ever since the 1500s, when an unknown printer took a galley of type and scrambled it to make a type specimen book. It has survived not only five centuries, but also the leap into electronic typesetting, remaining essentially unchanged."
    },
    {
      "id": 14,
      "userId": 1,
      "title": "Academy Awards 2015 Red Carpet Arrivals",
      "picture": "img/sample_images/posts/entertainment/1.jpg",
      "shares": 31,
      "comments": 36,
      "likes": 80,
      "liked": true,
      "trend": {
        "id": 0,
        "name": "Oscars",
        "slug": "oscars",
        "image": "img/sample_images/trends/oscars.jpg"
      },
      "category": {
        "id": 3,
        "name": "entertainment",
        "slug": "entertainment",
        "image": "img/sample_images/categories/entertainment.jpg"
      },
      "date": 1452878805958,
      "description": "Lorem Ipsum is simply dummy text of the printing and typesetting industry. Lorem Ipsum has been the industry's standard dummy text ever since the 1500s, when an unknown printer took a galley of type and scrambled it to make a type specimen book. It has survived not only five centuries, but also the leap into electronic typesetting, remaining essentially unchanged."
    },
    {
      "id": 15,
      "userId": 1,
      "title": "Incredible Contrast Between Two Worlds: The City Vs. Central Park",
      "picture": "img/sample_images/posts/world/1.jpg",
      "shares": 47,
      "comments": 19,
      "likes": 81,
      "liked": false,
      "trend": {
        "id": 0,
        "name": "Oscars",
        "slug": "oscars",
        "image": "img/sample_images/trends/oscars.jpg"
      },
      "category": {
        "id": 4,
        "name": "world",
        "slug": "world",
        "image": "img/sample_images/categories/world.jpg"
      },
      "date": 1452719307571,
      "description": "Lorem Ipsum is simply dummy text of the printing and typesetting industry. Lorem Ipsum has been the industry's standard dummy text ever since the 1500s, when an unknown printer took a galley of type and scrambled it to make a type specimen book. It has survived not only five centuries, but also the leap into electronic typesetting, remaining essentially unchanged."
    },
    {
      "id": 16,
      "userId": 2,
      "title": "A 'Post Modern Skateboard' That Ditches The Board",
      "picture": "img/sample_images/posts/technology/1.jpg",
      "shares": 9,
      "comments": 27,
      "likes": 81,
      "liked": true,
      "trend": {
        "id": 1,
        "name": "US Open",
        "slug": "us-open",
        "image": "img/sample_images/trends/us-open.jpg"
      },
      "category": {
        "id": 1,
        "name": "technology",
        "slug": "technology",
        "image": "img/sample_images/categories/technology.jpg"
      },
      "date": 1451712097675,
      "description": "Lorem Ipsum is simply dummy text of the printing and typesetting industry. Lorem Ipsum has been the industry's standard dummy text ever since the 1500s, when an unknown printer took a galley of type and scrambled it to make a type specimen book. It has survived not only five centuries, but also the leap into electronic typesetting, remaining essentially unchanged."
    },
    {
      "id": 17,
      "userId": 3,
      "title": "Polished Punk Fashion",
      "picture": "img/sample_images/posts/fashion/2.jpg",
      "shares": 24,
      "comments": 44,
      "likes": 67,
      "liked": true,
      "trend": {
        "id": 0,
        "name": "Oscars",
        "slug": "oscars",
        "image": "img/sample_images/trends/oscars.jpg"
      },
      "category": {
        "id": 6,
        "name": "fashion",
        "slug": "fashion",
        "image": "img/sample_images/categories/fashion.jpg"
      },
      "date": 1451741448420,
      "description": "Lorem Ipsum is simply dummy text of the printing and typesetting industry. Lorem Ipsum has been the industry's standard dummy text ever since the 1500s, when an unknown printer took a galley of type and scrambled it to make a type specimen book. It has survived not only five centuries, but also the leap into electronic typesetting, remaining essentially unchanged."
    }
  ],
  "comments": [
    {
      "comment": "Aliqua ea proident nostrud nisi minim dolor minim duis."
    },
    {
      "comment": "Ad duis do consequat tempor do tempor."
    },
    {
      "comment": "Fugiat sit aliqua quis ex excepteur reprehenderit occaecat in."
    },
    {
      "comment": "Quis id dolore ad aliqua ex deserunt pariatur velit quis minim minim cupidatat."
    },
    {
      "comment": "Tempor consequat aliquip nisi qui dolor mollit non deserunt adipisicing aliqua consequat amet laborum id."
    },
    {
      "comment": "Nostrud incididunt est deserunt fugiat irure."
    },
    {
      "comment": "Culpa amet incididunt minim sit excepteur minim Lorem proident ex."
    },
    {
      "comment": "Ullamco dolore occaecat nisi deserunt velit voluptate est mollit ullamco sit ipsum enim enim anim."
    },
    {
      "comment": "Adipisicing reprehenderit duis consectetur incididunt aute et nulla consectetur fugiat laboris cillum ullamco duis."
    },
    {
      "comment": "Irure dolore labore Lorem officia ad labore dolore irure mollit laborum labore est."
    },
    {
      "comment": "Ipsum ex amet sint amet enim aliquip dolore non nisi deserunt aliqua consectetur."
    },
    {
      "comment": "Adipisicing aute id amet sint dolor ut esse reprehenderit nulla quis aliqua sint exercitation quis."
    },
    {
      "comment": "Sunt reprehenderit sunt cillum sunt minim dolore velit pariatur veniam laborum nulla eiusmod voluptate dolor."
    },
    {
      "comment": "Labore laborum eu est elit qui aute nulla non nostrud."
    },
    {
      "comment": "Do ut proident duis cupidatat qui laboris commodo et cillum laborum."
    },
    {
      "comment": "Qui veniam elit occaecat ut adipisicing exercitation dolore proident occaecat pariatur mollit excepteur ullamco."
    },
    {
      "comment": "Voluptate sint labore ullamco elit do aliqua et et ea enim irure eu."
    },
    {
      "comment": "Nulla qui nostrud duis nostrud dolor."
    },
    {
      "comment": "Incididunt duis est eiusmod aliquip ullamco consequat."
    },
    {
      "comment": "Excepteur in nisi dolor elit veniam veniam velit."
    }
  ]
}
