{
  "name": "knuth-shuffle",
  "version": "1.0.1",
  "main": "index.js",
  "ignore": [
    ".jshintrc",
    "package.json"
  ],
  "dependencies": {},
  "devDependencies": {},
  "homepage": "https://github.com/coolaj86/knuth-shuffle",
  "_release": "1.0.1",
  "_resolution": {
    "type": "version",
    "tag": "v1.0.1",
    "commit": "c11dfd7ecfbd0015d190976c23acf81a4dec9437"
  },
  "_source": "https://github.com/coolaj86/knuth-shuffle.git",
  "_target": "*",
  "_originalSource": "https://github.com/coolaj86/knuth-shuffle.git"
}